,Argentina_StockTraded_GDP,Australia_StockTraded_GDP,Austria_StockTraded_GDP,Bahrain_StockTraded_GDP,Bangladesh_StockTraded_GDP,Barbados_StockTraded_GDP,Belarus_StockTraded_GDP,Belgium_StockTraded_GDP,Bermuda_StockTraded_GDP,Botswana_StockTraded_GDP,Brazil_StockTraded_GDP,Bulgaria_StockTraded_GDP,Canada_StockTraded_GDP,Cayman_Islands_StockTraded_GDP,Channel_Islands_StockTraded_GDP,Chile_StockTraded_GDP,China_StockTraded_GDP,Colombia_StockTraded_GDP,Costa_Rica_StockTraded_GDP,Croatia_StockTraded_GDP,Cyprus_StockTraded_GDP,Czech_Republic_StockTraded_GDP,Denmark_StockTraded_GDP,Ecuador_StockTraded_GDP,Egypt_StockTraded_GDP,Estonia_StockTraded_GDP,Finland_StockTraded_GDP,France_StockTraded_GDP,Germany_StockTraded_GDP,Ghana_StockTraded_GDP,Greece_StockTraded_GDP,Hong_Kong_StockTraded_GDP,Hungary_StockTraded_GDP,Iceland_StockTraded_GDP,India_StockTraded_GDP,Indonesia_StockTraded_GDP,Iran_StockTraded_GDP,Ireland_StockTraded_GDP,Israel_StockTraded_GDP,Italy_StockTraded_GDP,Jamaica_StockTraded_GDP,Japan_StockTraded_GDP,Jordan_StockTraded_GDP,Kazakhstan_StockTraded_GDP,Kenya_StockTraded_GDP,Korea_StockTraded_GDP,Kuwait_StockTraded_GDP,Latvia_StockTraded_GDP,Lebanon_StockTraded_GDP,Lithuania_StockTraded_GDP,Luxembourg_StockTraded_GDP,Malaysia_StockTraded_GDP,Malta_StockTraded_GDP,Mauritius_StockTraded_GDP,Mexico_StockTraded_GDP,Montenegro_StockTraded_GDP,Morocco_StockTraded_GDP,Namibia_StockTraded_GDP,Netherlands_StockTraded_GDP,New_Zealand_StockTraded_GDP,Nigeria_StockTraded_GDP,Norway_StockTraded_GDP,Oman_StockTraded_GDP,Pakistan_StockTraded_GDP,Panama_StockTraded_GDP,Papua_New_Guinea_StockTraded_GDP,Paraguay_StockTraded_GDP,Peru_StockTraded_GDP,Philippines_StockTraded_GDP,Poland_StockTraded_GDP,Portugal_StockTraded_GDP,Qatar_StockTraded_GDP,Romania_StockTraded_GDP,Russia_StockTraded_GDP,Rwanda_StockTraded_GDP,Saudi_Arabia_StockTraded_GDP,Serbia_StockTraded_GDP,Seychelles_StockTraded_GDP,Singapore_StockTraded_GDP,Slovakia_StockTraded_GDP,Slovenia_StockTraded_GDP,South_Africa_StockTraded_GDP,Spain_StockTraded_GDP,Sri_Lanka_StockTraded_GDP,Swaziland_StockTraded_GDP,Sweden_StockTraded_GDP,Switzerland_StockTraded_GDP,Tanzania_StockTraded_GDP,Thailand_StockTraded_GDP,Trinidad_and_Tobago_StockTraded_GDP,Tunisia_StockTraded_GDP,Turkey_StockTraded_GDP,Ukraine_StockTraded_GDP,United_Arab_Emirates_StockTraded_GDP,United_Kingdom_StockTraded_GDP,US_StockTraded_GDP,Uruguay_StockTraded_GDP,Venezuela_StockTraded_GDP,Vietnam_StockTraded_GDP,West_Bank_and_Gaza_StockTraded_GDP,Zambia_StockTraded_GDP,Zimbabwe_StockTraded_GDP
1975-12-31,0.858146,1.20344,0.16791,,,,,0.877019,,,,,2.986388,,,,,,,,,,0.133601,,,,,1.582201,2.131262,,,4.816836,,,,,0.295502,,,0.717288,,11.299863,,,,,,,,,,,,,,,,,4.744173,,,,,,,,,,,,,,,,,,,,,,,2.083581,1.575482,,,0.131696,48.359393,,,,,,,,14.642824,8.147705,,,,,,
1976-12-31,1.575157,1.275454,0.224343,,,,,0.929495,,,,,3.072712,,,,,,,,,,0.146056,,,,,1.089307,2.025263,,,5.016943,,,,,0.440818,,,0.557639,,15.390542,,,,,,,,,,,,,,,,,5.370926,,,,,,,,,,,,,,,,,,,,,,,1.805618,1.656779,,,0.141203,62.999693,,,,,,,,10.349739,9.251622,,,,,,
1977-12-31,0.420915,1.34388,0.144126,,,,,0.748432,,,,,3.139995,,,,,,,,,,0.098568,,,,,0.857558,2.185505,,,2.085762,,,,,0.25062,,,0.335412,,13.950792,,,,,,,,,,,,,,,,,6.183772,,,,,,,,,,,,,,,,,,,,,,,1.846524,1.656779,,,0.396468,49.225036,,,,,,,,7.359737,7.967717,,,,,,
1978-12-31,0.395286,0.745193,0.13752,,,,,0.714099,,,,,4.630998,,,,,,,,,,0.102785,,,,,1.897257,2.530198,,,2.230068,,,,,0.575683,,,0.62321,,18.736175,,,,,,,,,,,,,1.301528,,,,6.382894,,,,,,,,,,,,,,,,,,,,,,,2.11985,1.338443,,,0.40655,41.950716,,,,,,,,5.845487,9.603848,,,,,,
1979-12-31,2.124838,1.486509,0.123833,,,,,0.907884,,,1.465359,,7.412074,,,,,,,,,,0.089341,,,,,1.550748,1.675524,,,4.767518,,,,,0.575683,,2.748196,0.877049,,15.424409,,,,4.033047,,,,,,,,,3.057468,,,,2.600039,,,,,,,,,,,,,,,,,,,,11.433892,,,3.334938,0.521906,,,1.673823,60.448241,,,,,,,,5.825045,10.347029,,,,,,
1980-12-31,1.448768,3.299203,0.128827,,,,,0.60911,,,2.264468,,9.883048,,,2.545064,,1.068839,,,,,0.07705,,,,,1.356093,1.48343,,0.519279,2.692308,,,,,0.575683,,6.527715,1.792344,,15.955377,,,,2.853741,,,,,,10.505457,,,1.566138,,,,2.429348,,,0.130355,,,,,,,4.18475,,,,,,,,,,30.645774,,,5.802809,0.381667,,,1.266072,64.595784,,2.141962,,,,,,6.341224,14.342736,,,,,,
1981-12-31,0.233932,4.402704,0.119142,,,,,0.593163,,,2.396719,,7.709354,,,1.276282,,1.346584,,,,,0.092629,,,,,1.304251,1.705422,,0.366148,2.692308,,,,,0.575683,,11.443043,2.513369,,20.595081,,,,4.96027,,,,,,12.413352,,,1.584926,,,,2.445969,,,0.15647,,,,,,,0.930878,,,,,,,,,,44.984812,,,2.794308,0.758042,,,2.833582,66.739748,,0.668656,,,,,,6.072723,12.963978,,,,,,
1982-12-31,0.288112,2.536336,0.102963,,,,,1.123155,,,2.183963,,5.233852,,,1.121245,,0.318209,,,,,0.092903,,,,0.260685,1.23866,1.89824,,0.245087,2.692308,,,,,0.575683,,16.415666,0.650847,,15.111142,,,,3.363455,,,,,0.369379,4.566287,,,0.423667,,,,3.100841,,,0.13948,,,,,,,0.781879,,,,,,,,,,15.039555,,,3.01945,0.616221,,,4.039888,66.739748,,1.516817,,,,,,6.357571,15.196647,,,,,,
1983-12-31,0.168976,5.265946,0.184581,,,,,1.508942,,,1.850029,,8.239888,,,0.51867,,0.160083,,,,,0.278513,,,,0.469342,1.376912,3.993011,,0.131305,2.692308,,,,,0.575683,,16.448893,0.87188,,21.415175,,,,2.510399,,,,,0.353873,9.88538,,,0.599326,,,,6.170743,,,1.470827,,,,,,,3.750081,,,,,,,,,,31.419055,,,3.550254,0.69631,,,9.390701,110.58517,,1.982878,,,,,,8.695718,21.934908,,,,,,
1984-12-31,0.216653,5.223316,0.167457,,,,,1.73082,,,3.936339,,7.094739,,,0.500636,,0.141165,,,,,0.270805,,,,0.726296,1.334536,3.697273,,0.101368,2.692308,,,,,0.575683,,2.031776,0.92172,,23.797843,,,,3.864836,,,,,0.453763,6.348692,,,0.996158,,,,7.698422,,,3.538402,,,,,,,1.052332,,,,,,,,,,19.456832,,,2.159027,1.329062,,,7.767669,119.269771,,2.23936,,,,,,10.462503,27.452381,,,,,,
1985-12-31,0.538179,8.449277,1.159994,,,,,2.563399,,,7.862169,,10.647941,,,0.802964,,0.123229,,,,,2.410667,,,,1.027684,3.18623,11.643939,,0.150565,2.692308,,,,,0.575683,,2.48705,3.0257,,31.891609,,,,4.015137,,,,,0.923051,7.689225,,,1.558381,,,,14.026786,3.799343,,3.252402,,,,,,,0.866668,,,,,,,,,,7.546303,,,3.769103,2.065189,,,9.476849,193.363969,,3.400966,,,,,,15.605544,33.85089,,,,,,
1986-12-31,0.225951,12.418271,1.211983,,,,,4.000424,,,11.271625,,15.088029,,,3.932739,,0.148816,,,,,2.342907,,,,2.688256,7.236148,14.45879,,0.192462,37.288988,,,,,0.575683,,5.848889,5.974989,,54.525954,,,,9.536707,,,,,1.799541,4.213584,,,2.978276,,,,16.70709,7.029973,,2.160697,,,,,,,5.072497,,,,,,,,,,14.428023,,,7.067938,6.294645,,,11.261525,82.058687,,5.109431,,,,,,18.788378,47.639635,,,,,,
1987-12-31,0.132321,30.342921,1.11878,,,,,5.388087,,,3.47167,,21.530161,,,5.60041,,0.288673,,,,,1.965087,,,,7.356228,9.651934,32.573235,,1.856668,89.69876,,,,,0.575683,,11.21545,4.009485,,78.049051,,,,17.483323,,,,,1.507649,11.842252,,,7.062295,,,,18.151083,7.267249,,10.236867,,,,,,,12.523984,,,,,,,,,,34.525291,,,10.254448,12.828613,,,10.718897,214.203059,,21.365202,,,,,,57.309787,59.255137,,,,,,
1988-12-31,3.367265,17.345834,1.498037,,,,,5.075814,,,1.981279,,13.502127,,,5.826201,,0.242269,,,,,4.32775,,,,6.511188,6.36882,24.554117,,1.106374,39.229155,,,,,0.575683,,4.410747,3.536497,,81.354382,,,,42.566626,,,,,2.708807,7.09691,,,4.224449,,,,11.500573,2.386401,,4.725219,,,,,,,5.726253,,,,,,,,,,18.217436,,,4.237011,6.98972,,,9.028881,180.278683,,21.268987,,,,,,32.36899,37.527447,,,,,,
1989-12-31,0.516862,14.522324,19.768201,,,,,5.171761,,,1.005495,,15.757828,,,6.242158,,0.255437,,,,,12.463633,,,,6.54243,10.899349,24.78848,,1.830457,50.272161,,,,,0.575683,,7.132441,4.515817,,83.913235,,,,48.386973,,,,,2.037325,17.005138,,,6.118907,,,,18.893756,2.148896,,12.696132,,,,,,,12.546952,,,,,,,,,,46.330678,,,6.847557,9.541035,,,8.286541,198.831271,,17.607707,,,,,,34.254474,41.505589,,,,,,
1990-12-31,0.566505,12.903873,34.781299,,,,,3.54835,,,1.517795,,11.428943,,,4.71752,,0.225733,,,,,8.605292,,,,2.925983,9.709845,30.508004,,8.263788,44.955565,,,,,0.575683,,8.477261,3.56182,,48.355822,,,,26.332051,,,,,1.543573,24.331041,,,7.095636,,,,13.707104,4.232981,,12.379774,,,,,,,6.046533,,,,,,,,,,58.29295,,,6.541794,8.437093,,,5.991213,150.706583,,18.439081,,,,,,27.831569,34.077601,,,,,,
1991-12-31,2.397581,14.010647,4.439782,,,,,3.211728,,,3.435454,,11.972567,,,4.626555,,0.721222,,,,,7.211132,,,,1.183956,9.806803,23.327596,,4.615124,43.306498,,,,,0.403152,,11.811531,1.876018,,28.258567,,,,24.964158,,,,,1.065835,21.741383,,,10.106832,,,,12.971849,6.329978,,10.346775,,,,,,,6.698962,0.097075,,,,,,,,,39.773973,,,5.975214,8.35615,,,7.498943,27.33766,,19.749637,,,5.480461,,,29.20572,34.748252,,,,,,
1992-12-31,6.879397,12.919211,2.448387,,,,,3.309799,,,7.027047,,12.736698,,,4.128074,,1.417943,,,,,9.939948,,,,1.739966,8.400851,20.084452,,2.403842,75.238097,,,,,0.497501,,16.481502,2.088272,,15.230522,,,,32.395854,,,,,0.735951,31.379007,,,12.158741,,,,12.2512,7.258517,,6.970511,,,,,,,10.332273,0.442032,,,,,,,,,36.265915,,,4.928436,6.039932,,,10.020775,25.864319,,64.103822,,,5.245789,,,27.841313,38.808624,,,,,,
1993-12-31,21.0206,21.375424,3.473084,,0.044623,0.213246,,4.697528,,,9.554374,0.02031,23.030453,,,5.289502,8.949647,1.365946,0.115005,0.117233,0.426385,0.577077,13.994953,,,,8.763804,12.217425,25.473227,0.068689,4.694503,109.771064,,0.212267,,5.751908,0.33252,,36.042469,6.177864,5.391469,20.050351,23.649756,,0.210369,53.61789,10.810566,,,,1.326424,21.171375,,1.134459,11.806896,,1.541598,,14.435597,14.39083,0.053243,13.791183,1.32041,,0.702527,,,4.442744,10.627771,2.056471,2.522583,,,,,,,,137.727714,0.016131,0.002768,5.376931,8.650587,3.651337,,19.096386,68.739733,,67.579058,,,8.867906,,,39.306802,50.074838,,2.654343,,,,0.764799
1994-12-31,43.826911,30.8508,4.327235,2.530555,0.318935,0.264951,,5.305489,,0.704348,15.56202,0.022659,26.923628,,,9.224337,12.024881,3.222549,0.206866,0.087632,1.187766,3.16943,16.532633,0.313977,,,12.885881,14.83082,27.251748,1.266896,4.355973,92.588219,,0.30519,,6.663665,0.60202,,27.610746,10.832528,2.960078,21.395316,11.275924,,0.959689,61.867372,7.749769,,,,1.518716,16.035209,,2.314166,10.326314,,2.2826,0.332742,20.000607,13.37772,0.055722,14.299946,2.067928,,0.74947,,,6.887827,19.046646,4.699034,4.994049,,,,,,,,120.616554,0.855193,2.540125,8.700745,13.068566,5.9321,0.147961,38.691057,84.83582,,55.244418,,1.762918,16.583946,,,41.570463,50.070343,0.05322,1.622427,,,0.010939,2.509188
1995-12-31,12.364215,26.672029,5.41488,1.595205,0.395522,0.140281,,5.27599,1.580697,0.801378,10.255974,0.022115,30.266894,,,15.017524,10.502541,1.299516,0.135941,1.352515,2.986972,4.531554,14.177233,0.460445,,,14.326745,13.243153,22.37265,0.291598,4.40831,66.081841,,0.614855,,7.11149,0.575155,19.276011,8.331256,7.396582,1.48521,20.636191,8.784712,,0.661595,32.515571,22.707192,0.000357,,,0.984554,67.785545,,1.307531,8.994115,,6.267441,0.075154,25.56383,13.100829,0.05931,16.106349,1.715914,,0.089411,,0.211871,7.286806,17.327564,1.93863,3.566059,,,,,,,,72.828117,3.188309,1.629116,9.286292,10.735072,0.654658,0.022366,37.192535,90.443485,,34.802798,,3.713741,30.054823,,,37.324674,67.785353,0.002902,0.425704,,,0.005779,1.960831
1996-12-31,11.502307,36.119829,4.381558,2.546782,1.836709,0.260614,,7.835705,1.324484,0.588107,13.655302,0.078813,42.020035,,,1.372326,35.432426,2.631921,0.115683,0.740011,4.579544,9.335246,18.033279,0.27828,,,3.433853,16.882234,5.976664,0.232944,5.778405,104.085769,,1.143268,,14.266942,1.549036,15.561786,7.036344,7.799409,1.84152,24.154329,5.055212,,0.590908,29.09141,56.489868,0.203467,0.490058,,2.46036,25.429032,,2.213326,9.978505,,4.797323,0.945311,37.955565,13.807363,0.169396,21.646634,3.78064,8.781704,0.25246,,0.303829,6.432479,26.952896,3.447358,5.772564,,,,,,,,62.574378,9.24576,2.301276,16.324141,16.124273,0.42381,23.195252,44.688616,122.081966,,3.646085,,1.027714,19.966891,,,41.466341,86.280079,0.002681,1.794772,,,0.073946,2.737355
1997-12-31,13.046087,34.4805,5.701542,6.641819,1.179725,0.927399,,11.264801,3.286931,1.123447,24.614762,0.382905,51.597656,,,8.662791,38.341879,2.239901,0.136746,1.002492,4.215624,9.134013,25.317954,0.220865,,,27.316205,27.145641,44.538738,0.599439,15.231822,255.442013,,2.389799,,10.194587,0.844625,19.314588,11.632429,16.316002,1.573921,23.201757,6.912933,,0.743304,29.982342,108.684358,1.308768,4.061296,,5.088573,42.590033,,2.878583,9.877751,,8.089845,0.555958,59.479187,13.411882,0.248459,28.379546,20.662821,16.918685,0.5437,,0.194777,6.634281,21.624478,4.643502,16.994761,,0.669567,,,,0.178615,,74.045641,8.507206,2.507565,24.896156,32.241327,2.048779,20.814183,56.970254,183.280512,,11.755884,,0.948462,23.008015,,,53.61548,108.020868,0.002681,4.223635,,,0.185904,3.667828
1998-12-31,8.71872,38.915077,8.318307,8.197478,2.018223,1.129892,,22.806359,3.117466,1.382951,20.013914,0.972054,56.262005,,,5.243383,27.420744,3.313149,0.236476,0.386401,6.833116,7.033615,37.954873,0.033593,,12.178185,47.462791,40.348285,65.342018,0.76543,35.827299,121.944086,,6.086729,,13.547861,0.790383,47.78274,11.464452,38.180516,0.633991,25.509695,8.242893,,0.526465,41.835884,35.733369,1.271846,1.90379,,7.684446,36.792088,0.883271,2.235546,5.015625,,11.19821,0.335131,92.30607,20.927676,0.279064,25.818572,12.104551,14.454795,0.963741,,0.165542,4.733893,14.103328,5.062081,40.520466,,0.362768,,,,0.059512,,68.250115,3.376011,3.654125,35.482913,60.791309,1.782846,12.759139,73.745478,226.748281,,19.943216,,0.742424,20.718231,,,63.173465,135.777174,0.001024,1.700991,,,0.037029,1.253677
1999-12-31,4.183855,51.022012,5.458401,5.916077,1.888783,0.34521,,19.579139,6.798152,0.66937,26.490788,0.042531,57.88115,,1.173608,8.629338,27.420744,1.601781,1.461396,0.289397,61.050263,5.99786,31.2345,0.093152,,4.870667,77.691603,48.664911,59.10426,0.257706,134.101116,137.341869,,17.499351,,15.115304,1.559108,45.584878,17.240937,42.707488,0.605937,43.759729,6.73012,,0.376085,153.700947,35.733369,0.587095,0.495657,,4.343469,53.136019,1.281648,1.608516,5.533582,,18.080064,0.578511,93.776002,20.499365,0.190379,30.723914,2.724479,33.068008,0.494824,,0.135339,4.891693,22.628061,6.294745,29.938538,,0.280893,,,,0.127882,,124.476094,1.567405,3.752244,48.059862,161.705653,1.331474,0.009691,78.309491,156.190875,0.000315,29.452398,,0.742424,26.517265,,,84.355965,195.362773,0.000542,0.963747,,2.496254,0.167142,2.933211
2000-12-31,3.217984,51.234935,4.926945,2.708184,1.752921,1.572152,,16.29451,3.9078,0.66937,14.349155,0.031028,84.386383,,0.535118,7.357261,61.497861,1.180475,1.461396,0.854913,95.548226,10.695555,54.808411,0.104336,,5.840066,167.233209,79.377948,92.895516,0.139679,72.852798,217.276443,,24.434777,109.489364,7.818259,4.070171,14.683625,21.027285,86.073485,0.847301,49.936492,5.571584,,0.297512,85.974254,35.733369,3.513608,0.674146,,5.757934,55.988621,4.605369,1.384225,6.023804,,7.336324,0.47218,155.724467,18.955906,0.190379,35.201496,2.464559,31.160337,1.520746,,0.135339,4.23357,8.813528,11.829496,46.865107,,0.151716,,,,0.300285,,99.03885,1.827783,3.169076,46.458365,264.762739,0.818085,0.012082,144.181425,227.099465,0.035897,15.294548,1.70584,0.742424,60.507216,,,110.077769,290.52956,0.000542,1.862967,,3.1097,0.027773,2.933211
2001-12-31,2.479375,63.369782,3.722411,2.13342,0.483597,0.337207,,15.956205,5.787284,0.66937,11.514078,0.495648,60.346634,,0.959424,5.687928,34.152546,0.798365,1.461396,0.502452,30.283041,5.060666,40.04453,0.020755,,4.132656,138.214702,71.578012,66.164667,0.235189,28.118233,140.60521,,15.567988,51.117211,6.007057,1.235274,20.562309,11.103388,51.164469,1.348599,38.904172,10.510467,,0.302633,68.293556,3.340512,2.003446,0.298021,,2.014959,22.668673,1.200236,2.253112,6.668883,,3.955376,0.146177,105.403504,15.795984,0.230023,30.327775,1.567164,12.818694,0.365628,0.018825,0.161256,1.414891,3.818567,5.305333,22.438453,,0.258695,9.198144,,12.105621,0.661795,,79.174294,3.102192,4.672147,26.11116,237.402744,0.828711,0.551062,123.661562,204.685993,0.052566,25.81192,1.882185,0.742424,32.554534,,,114.796157,197.351349,0.000542,0.933195,,1.320778,0.122117,2.933211
2002-12-31,1.195827,73.510437,3.057402,2.241098,0.0,0.337207,,14.771731,2.336669,0.66937,7.723628,0.994328,58.957746,,0.705167,3.788282,22.701254,1.052623,1.461396,0.598594,5.84927,7.169123,18.182346,0.048791,,3.12885,102.438261,69.185597,41.465834,0.162174,13.609613,107.567712,9.820471,42.535222,38.240038,6.331228,1.353605,2.441428,9.072041,44.974588,1.576292,41.421315,13.975461,0.12177,0.284307,92.623692,5.847526,2.038052,0.614341,,1.299333,25.512703,1.231166,1.121575,3.137738,,2.121834,0.04837,111.054228,3.882498,0.230023,18.625811,2.982611,31.745967,0.460126,0.043374,0.130623,1.752214,2.541356,1.623746,16.736448,,0.310428,13.797821,,18.816981,0.658651,,68.13152,2.499457,3.99111,36.941097,63.975661,1.907655,0.012568,69.403747,158.66799,0.052566,30.737246,1.882185,0.742424,28.292009,,,58.663683,156.031593,0.000542,0.095593,,0.899094,0.119222,2.933211
2003-12-31,2.296089,90.15062,4.615319,2.408438,0.0,0.337207,,13.001497,1.211506,0.66937,12.625312,0.549587,56.563406,,0.115517,9.886802,23.041812,0.851392,0.665248,0.699469,2.133038,8.730332,20.088431,0.048791,,6.228867,82.933006,60.107044,40.133913,0.576334,17.202789,169.067135,10.403265,68.321572,46.533408,5.435233,2.57584,3.706584,13.549659,46.273104,1.576292,51.506238,25.663942,1.421983,1.341875,65.063903,11.718118,1.40693,0.61749,1.083512,0.953947,41.480061,0.943282,1.741513,3.015127,,4.44344,0.055618,92.527973,4.376126,0.230023,21.313534,7.128967,73.798833,0.391077,0.066734,0.130623,1.650235,2.80891,3.552327,14.465868,,0.381757,18.525242,,73.70292,2.38049,,96.61033,1.601376,1.703781,24.900501,68.099657,3.814368,0.002275,59.398986,123.916761,0.052566,68.655935,1.882185,0.742424,31.19173,,,60.635336,140.052838,0.000542,0.095593,,1.042087,0.13301,2.933211
2004-12-31,2.764185,88.65427,8.66537,2.369857,0.381056,0.337207,,20.341874,1.426404,0.66937,16.985529,1.751489,68.812786,,0.14637,13.203573,25.778491,1.776033,0.201928,1.111427,1.528242,14.989792,27.061038,0.048791,,7.401679,95.594504,62.742443,41.415413,0.82059,16.976941,238.751308,13.718733,84.882048,53.167297,8.518539,5.995961,3.075045,21.621725,49.657977,1.576292,70.66429,46.883434,2.355437,1.763492,66.293447,81.519417,1.151365,0.889563,2.167245,1.130734,43.440135,1.649044,1.711307,5.397633,,5.942299,0.300793,95.051063,4.899071,1.237899,34.502798,6.946808,106.108738,1.195348,0.1016,0.130623,1.583392,3.403707,6.947947,19.598951,,1.104655,20.082969,,182.78461,1.630694,,96.330226,1.311708,2.258015,32.746715,80.474829,2.701122,0.001444,80.562384,10.857244,0.052566,67.634354,1.882185,0.742424,35.845951,,,66.952644,156.362588,0.000542,0.095593,,3.089874,0.035203,2.933211
2005-12-31,2.645591,88.066099,13.800866,4.397909,0.295872,0.337207,,27.616967,1.404028,0.66937,19.169305,2.616388,79.45639,,0.031153,16.72246,16.930227,6.558163,0.109278,1.681554,2.564908,25.017626,27.061038,0.048791,,7.401679,95.594504,58.000466,44.517573,0.474658,20.288292,231.974553,19.597193,84.882048,57.743596,9.745347,3.199479,3.684308,28.769728,56.556715,1.576292,89.779763,189.177875,1.822099,2.690377,128.325603,114.319116,1.151365,4.196334,2.167245,0.601769,31.103699,2.181681,2.125877,5.938157,,11.460124,0.076155,86.422502,4.756079,1.112178,45.72233,10.291579,96.024867,0.940814,0.35122,0.130623,2.256017,4.983189,8.547673,18.1117,,1.443887,19.356349,,335.972665,2.394416,,91.249067,0.106159,1.324276,38.534393,84.997479,4.424606,0.000944,80.562384,13.543017,0.052566,47.443886,1.882185,0.742424,39.447242,,,68.021231,197.805062,0.000542,0.095593,,18.393585,0.133223,2.933211
2006-12-31,1.456841,114.76798,24.848372,7.463593,0.329393,0.337207,,33.129261,2.555339,0.66937,25.23204,5.434063,93.77517,0.037616,0.008061,18.07822,41.518602,9.652571,0.272193,3.783349,15.675477,18.419892,27.061038,0.048791,45.020508,7.401679,95.594504,86.958485,64.039412,0.247067,32.164218,390.391155,26.804055,84.882048,67.74825,11.060425,1.774827,5.202747,39.750436,61.726372,1.576292,119.490388,129.887918,3.010424,5.282644,127.160114,56.319086,1.151365,9.12953,2.167245,0.560171,42.500738,4.007799,2.231814,8.021528,,12.992624,0.216202,122.12463,4.84755,1.508708,81.529196,6.850592,77.117181,1.358005,0.29755,0.130623,4.661734,7.17461,15.390013,31.633562,34.088978,1.315039,58.857493,,372.259911,4.903469,,125.067553,0.140632,2.690678,57.177801,118.754836,3.460526,0.001823,80.562384,18.401519,0.052566,43.745655,1.882185,0.742424,40.653359,,9.088774,102.025297,221.357123,0.000542,0.095593,,8.638259,0.094381,2.933211
2007-12-31,1.685039,160.613761,33.388968,4.807731,0.889116,0.337207,,49.173673,2.392789,0.66937,46.197985,15.269138,118.802581,0.129862,0.000868,26.182595,174.954228,8.363297,0.266657,7.396675,18.627189,19.884451,27.061038,0.048791,47.162599,7.401679,95.594504,109.034712,93.420888,0.585645,38.673857,952.669399,33.746273,84.882048,89.61789,21.959883,2.32945,9.131063,53.904687,99.596759,1.576292,143.803238,101.850699,8.588696,3.528891,163.556438,56.319086,1.151365,3.896509,2.167245,0.473003,79.897104,1.196068,5.052422,10.697137,9.699754,26.650438,0.231686,180.605207,4.337244,6.238707,101.289787,14.304998,54.214885,1.669166,0.562806,0.130623,7.889569,15.537015,20.983399,57.132632,37.560326,1.596385,98.254819,,163.943698,6.8903,,210.724613,0.036114,6.133174,77.376829,154.284851,2.986902,0.102035,80.562384,256.604529,0.052566,42.880507,1.882185,0.742424,47.672332,,18.457194,127.736198,296.061215,0.000542,0.095593,,10.929725,0.094381,2.933211
2008-12-31,0.923116,79.511794,22.863321,8.104032,1.595087,0.337207,,36.86546,1.461318,0.66937,33.603248,2.413424,96.770105,0.030528,0.000868,16.049593,83.66762,7.43659,0.176808,4.696287,6.444327,13.648983,27.061038,0.048791,58.855024,7.401679,95.594504,82.204933,109.999332,1.000022,23.29719,715.168618,17.420257,84.882048,86.517634,14.865755,3.599891,6.375945,43.389106,57.266645,1.576292,121.580154,120.010242,2.803263,2.067689,113.356064,56.319086,1.151365,5.876867,2.167245,3.043049,35.666021,0.745341,3.490166,7.305783,1.831851,13.520435,0.170202,101.342731,2.471344,4.924824,58.444793,12.606304,20.909558,1.130579,0.557455,0.130623,3.053589,6.810018,9.650444,28.816847,41.803129,0.571605,69.543574,,100.679073,2.189498,,130.68482,0.020906,2.436203,64.09915,105.56224,2.378725,0.102035,80.562384,249.047732,0.052566,36.397977,1.882185,0.742424,28.715144,,22.548685,93.382671,319.877706,0.000542,0.095593,10.240733,11.716732,0.094381,2.933211
2009-12-31,0.45366,90.602435,12.900334,2.032765,2.282787,0.337207,,25.409284,0.465595,0.66937,42.463607,0.936283,96.960789,0.044375,0.000868,21.55924,150.894312,8.538622,0.101933,2.345718,6.761624,12.869864,27.061038,0.048791,39.320882,7.401679,95.594504,47.558277,51.376343,0.198858,18.148059,660.25939,20.798435,84.882048,78.302568,15.951921,4.102893,4.178976,37.274088,41.947219,1.576292,73.128831,52.593509,3.69901,0.468366,178.555314,56.319086,1.151365,2.940487,2.167245,0.515686,39.968188,0.417528,3.727307,8.220643,1.831851,7.822751,0.279566,61.672905,2.709812,1.522914,53.53214,10.520359,9.391229,0.116224,0.242438,0.130623,2.44883,8.137196,12.844047,18.298148,25.889189,0.947461,41.74471,,78.09638,1.450103,,130.739984,0.195516,2.066731,65.962414,85.394763,2.960332,0.102035,80.562384,139.047497,0.052566,44.947349,1.882185,0.742424,48.163396,,25.952777,116.355415,236.954151,0.000542,0.095593,31.13683,5.119285,0.094381,2.933211
2010-12-31,0.600714,98.476645,12.528253,1.072746,4.196545,0.647251,,22.306429,1.575244,0.66937,41.113565,0.744244,86.86124,0.024057,0.000868,26.687398,133.349307,7.922264,0.109802,1.779958,2.877914,10.454676,27.061038,0.048791,16.994601,7.401679,95.594504,51.022578,43.096606,0.316172,13.71139,650.630805,20.065742,84.882048,63.313376,13.833005,3.487615,3.995561,45.157103,31.043275,1.576292,74.149048,31.685052,0.355535,1.747647,142.5018,56.319086,1.151365,4.883115,2.167245,0.316327,45.012298,0.5338,3.648661,10.052264,1.071691,6.045982,0.177143,65.385962,1.304396,1.391088,49.186929,5.09194,5.92426,0.224935,0.187709,0.130623,2.706896,10.677856,14.523681,22.500617,14.70681,0.986456,33.238015,,38.093159,0.721163,,127.517395,0.339055,1.012782,66.422573,96.238232,8.518464,0.102035,80.562384,146.174626,0.052566,65.209018,1.882185,3.972636,51.900283,2.01028,9.233405,129.277147,239.387651,0.000542,0.095593,20.962118,3.862418,0.098838,2.933211
2011-12-31,0.462939,80.685996,9.042416,0.521918,1.729633,2.193485,,19.584802,0.296704,0.66937,31.531621,0.558015,82.186669,0.060677,0.000868,20.393868,86.994215,7.745959,0.086127,1.473346,1.62509,8.90466,27.061038,0.048791,6.736545,7.401679,95.594504,46.333356,41.141826,0.645962,8.113235,578.219465,11.04481,84.882048,40.62754,11.811771,2.290532,3.385858,28.575856,36.697509,1.772558,69.15098,13.200685,0.283315,1.957031,154.346246,13.892565,1.151365,1.281059,2.167245,0.198926,43.737802,0.498194,4.427954,8.119459,1.68536,3.717748,0.10189,56.667156,2.292704,0.934196,36.857824,3.28906,4.179732,0.907875,0.403444,0.130623,3.013576,11.684319,13.841882,14.523913,13.654337,1.521176,27.089561,,42.81661,0.746599,,98.328255,0.454149,1.000211,49.286608,75.801025,7.078506,0.102035,80.562384,115.647469,0.052566,58.052929,1.882185,2.183245,43.04748,0.69549,4.158262,113.933454,263.117002,0.000542,0.095593,6.676905,2.703981,0.087385,2.933211
2012-12-31,0.2678,58.523221,5.811806,0.870996,1.082508,0.303533,,20.249302,0.458751,0.66937,33.734771,0.666703,73.725514,0.059194,0.000868,17.411077,57.959344,8.68727,0.071139,0.942974,1.176208,8.335582,27.061038,0.048791,6.124102,7.401679,95.594504,40.047496,34.741005,0.123571,6.312765,409.980665,8.533772,84.882048,34.877781,10.015512,2.338655,4.124641,19.273242,37.303732,4.838224,53.351705,8.629106,0.539908,1.787516,123.991913,12.504736,1.151365,0.926919,2.167245,0.1923,39.325783,0.458815,2.53533,9.535941,1.064458,3.266388,0.459283,49.363568,3.028624,0.882124,23.325355,3.046248,4.788351,1.722304,0.403444,0.130623,2.740119,13.623991,12.090457,12.208625,10.388929,1.119769,15.410799,,67.982945,0.533442,,88.361116,0.081225,0.866224,52.224624,64.942645,2.376886,0.102035,80.562384,86.242722,0.052566,60.079602,1.882185,2.644817,40.761346,0.342239,4.66754,91.255712,199.025008,0.000542,0.095593,6.676905,1.989778,0.071364,2.933211
2013-12-31,0.405291,49.956861,6.218765,1.787524,0.823952,0.119377,,22.00105,0.682055,0.66937,29.912345,1.5758,71.676772,0.059194,0.000868,14.862195,78.988842,5.341412,0.129736,0.925276,0.172039,5.759435,27.061038,0.048791,4.415258,7.401679,95.594504,39.257333,34.469067,0.306942,10.150138,459.56437,7.978603,84.882048,30.752791,10.833436,8.85409,6.124548,18.620731,35.759885,0.497749,116.707268,9.947658,0.296195,2.926314,97.024638,23.156247,1.151365,0.334684,2.167245,0.183334,43.976084,0.62389,2.613363,12.331429,1.064458,2.796596,0.278993,53.916132,4.634297,1.197403,18.351516,6.377467,0.217624,0.405755,0.403444,0.130623,1.577279,15.705701,14.013037,17.193116,10.348138,0.782113,10.273197,,47.080175,0.533442,,90.623115,0.054421,0.861929,57.934284,67.168716,1.990414,0.102035,80.562384,99.058372,0.052566,83.24617,1.882185,0.948743,39.074046,0.173019,17.067039,60.148694,196.954433,0.000542,0.095593,6.534361,1.778329,0.071364,2.933211
2014-12-31,0.669274,47.912716,6.548596,2.064273,9.144392,0.162133,0.031797,19.934994,0.369037,0.66937,26.228009,1.5758,74.417219,0.059194,0.000868,10.4526,112.036086,4.51578,0.233888,0.822148,0.243736,5.109731,27.061038,0.048791,8.652283,7.401679,95.594504,40.843118,32.000267,0.306942,14.129433,497.816606,5.040584,84.882048,37.341228,10.184103,5.054454,6.212377,15.015227,94.589016,0.90077,98.932325,8.392043,0.389132,1.480396,86.4742,23.156247,1.151365,1.298258,2.167245,0.160527,42.196314,0.51699,3.543869,9.383266,1.064458,2.551707,0.56146,52.817214,4.295136,0.893949,20.395231,6.262154,0.198865,0.482819,0.295164,0.130623,1.607525,14.190099,10.660577,20.342899,26.538885,0.776443,7.766923,,72.081542,0.533442,11.372335,63.71223,0.010068,1.486111,64.453659,71.851141,3.148547,0.102035,80.562384,101.035027,0.052566,76.260753,1.882185,1.764806,39.379279,0.091967,34.789326,76.908365,221.355867,0.000542,0.095593,12.791983,2.52979,0.071364,2.933211
2015-12-31,0.453943,55.549349,8.360763,0.90409,6.975417,0.162133,0.01495,19.934994,0.230068,0.66937,23.303458,1.5758,70.418794,0.01062,0.000868,8.114886,348.609718,3.947813,0.091882,0.830856,0.657482,5.109731,27.061038,0.048791,4.481359,7.401679,95.594504,54.385798,42.196121,0.306942,9.221916,668.638239,5.940821,84.882048,38.134326,8.717539,2.063778,6.921314,18.575545,94.589016,4.319774,125.345651,9.212891,1.440703,0.97411,125.762763,23.469023,1.151365,1.01187,2.167245,0.159726,36.99344,0.783014,3.837585,8.543191,1.064458,2.643691,0.56146,52.817214,5.083026,0.828533,24.73183,4.52248,10.019263,0.482819,0.081755,0.130623,0.764503,12.536648,10.962883,20.342899,14.932711,0.98911,8.604195,,63.012983,0.533442,11.372335,64.295908,0.010068,0.853511,67.488259,81.116316,2.107502,0.102035,80.562384,137.616231,0.052566,67.610076,1.882185,1.764806,40.458073,0.03802,15.555538,76.908365,226.282913,0.000542,0.095593,9.924817,2.292949,0.071364,2.933211
2016-12-31,0.782151,65.872788,6.744562,0.982491,5.776555,0.162133,0.038513,19.934994,3.144533,0.66937,31.245915,1.5758,75.482372,0.01062,0.000868,9.614452,159.698153,5.011259,0.061108,0.603496,0.352702,5.109731,27.061038,0.048791,3.03216,7.401679,95.594504,54.385798,31.77446,0.306942,6.330491,421.085788,6.05691,84.882048,35.225125,9.701559,4.071345,7.308829,16.097317,94.589016,2.895341,104.527886,6.478713,0.540272,1.090448,106.746141,23.469023,1.151365,1.764922,2.167245,0.113193,32.625211,0.614268,2.537435,10.06043,1.064458,2.84807,0.56146,52.817214,5.782918,0.373075,28.394841,3.273111,9.88191,0.482819,0.307579,0.130623,1.404529,11.251843,9.643664,20.342899,12.493162,0.928827,10.93201,,44.449376,0.533442,11.372335,58.831379,0.010068,0.690372,124.368553,51.994115,1.367955,0.102035,80.562384,121.710067,0.052566,78.622447,1.882185,1.764806,32.403508,0.01355,13.396592,76.908365,223.725204,0.000542,0.095593,10.507384,2.894829,0.071364,2.933211
2017-12-31,1.024314,63.577455,9.637111,1.513242,9.022851,0.162133,0.040182,19.934994,0.548002,0.66937,31.13632,1.5758,77.619357,0.01062,0.000868,13.793766,137.37387,4.44593,0.091496,0.769428,0.301252,5.109731,27.061038,0.048791,5.809573,7.401679,95.594504,54.385798,41.41804,0.306942,7.591501,572.307203,7.243676,84.882048,45.439181,9.109037,2.40033,8.298864,19.259978,94.589016,2.310624,117.189614,5.610691,0.470764,1.090448,123.958236,23.469023,1.151365,1.150312,2.167245,0.142353,43.063433,0.744558,3.278413,9.160074,1.064458,3.566235,0.56146,52.817214,5.740322,0.587127,29.332618,2.950689,9.88191,0.482819,0.003957,0.130623,3.003908,10.291166,12.870451,20.342899,11.3782,1.11891,9.243726,,29.460489,0.533442,11.372335,63.901365,0.010068,0.832398,107.41083,55.558746,2.543884,0.102035,80.562384,136.411964,0.052566,74.399838,1.882185,1.764806,43.924165,0.01737,11.310515,76.908365,202.863933,0.000542,0.095593,15.743737,2.908358,0.071364,2.933211
2018-12-31,0.870998,54.210814,8.712634,2.451199,5.023025,0.199292,0.023654,19.934994,0.680185,0.930252,40.126376,0.317245,79.616973,0.007956,0.000868,15.462616,92.386617,4.088119,0.074063,0.400904,0.21651,2.047407,27.061038,0.048791,5.513422,7.401679,95.594504,54.385798,40.218126,0.306942,5.572181,626.644859,6.135744,84.882048,46.594685,10.040797,8.738784,8.112897,16.593256,94.589016,3.576361,125.059199,5.449742,0.708877,1.090448,142.33093,23.469023,1.151365,0.686994,2.167245,0.111795,37.719938,0.611003,3.08774,7.466099,1.064458,3.063911,0.450226,52.817214,5.748946,0.613223,27.096729,2.094489,9.88191,0.479184,0.003957,0.130623,1.001343,8.422812,9.207304,20.342899,10.352668,1.000071,8.879965,0.142043,25.895192,0.533442,0.50944,58.210397,0.010068,0.692284,72.795715,43.564705,1.161906,0.102035,80.562384,129.325609,0.052566,76.278133,1.882185,1.96835,47.474157,0.009114,5.954781,76.908365,237.519509,0.000542,0.095593,14.706736,2.171768,0.071364,2.933211
2019-12-31,0.666287,59.898883,7.557825,1.878344,3.737382,0.23824,0.023242,19.934994,0.589752,0.954148,55.449303,0.248303,82.155437,0.058567,0.000868,13.63499,125.338016,4.304488,0.056817,0.534444,0.213844,1.491696,27.061038,0.048791,3.358883,7.401679,95.594504,54.385798,34.441096,0.012904,7.44122,501.891569,5.255362,84.882048,42.584449,10.534272,29.461097,8.112897,17.089616,94.589016,4.957877,99.601469,3.786081,0.190128,0.47023,116.737434,2.621748,1.151365,0.379743,2.167245,0.069699,29.744454,0.614832,2.58528,6.495075,1.064458,2.529114,0.782017,52.817214,5.85499,0.572499,24.88198,1.951605,9.88191,0.536408,0.003957,0.130623,0.697801,7.959869,8.361662,20.342899,7.564259,0.812354,10.673897,0.048119,24.838022,0.533442,0.568313,30.360366,0.010068,0.278131,73.155574,35.638452,1.058645,0.102035,80.562384,133.870934,0.052566,67.485581,1.882185,1.092144,45.679456,0.000858,6.998091,28.345221,168.720262,0.000542,0.095593,9.438693,1.598564,0.071364,2.933211
2020-12-31,0.738813,92.302864,9.157419,1.654601,4.227053,0.121122,0.009858,19.934994,0.352675,0.422119,93.055294,0.30133,118.021314,0.022987,0.000868,16.323613,210.60727,3.698968,0.048529,0.643286,0.152494,1.684085,27.061038,0.048791,4.189769,7.401679,95.594504,54.385798,46.591438,0.046652,8.613359,889.815804,7.132263,84.882048,68.879409,12.383187,98.976159,8.112897,25.474896,94.589016,0.327024,125.388483,3.37068,0.243713,0.480878,315.675522,28.753302,1.151365,0.732653,2.167245,0.065033,73.671121,0.436749,2.724116,7.376989,1.064458,3.052203,0.344112,52.817214,10.420798,0.574256,24.88198,1.371212,6.421899,0.368262,0.003957,0.130623,1.048917,9.049884,13.770641,20.342899,16.04747,1.163903,18.525109,0.160501,63.209636,0.533442,0.717514,30.360366,0.010068,0.865509,86.939111,37.94227,2.200424,0.102035,80.562384,176.240405,0.028031,96.170958,1.882185,1.252525,120.582047,0.000858,10.733089,75.200949,192.405448,0.000542,0.095593,16.403993,1.223884,0.048187,2.933211
2021-12-31,0.53835,68.617607,7.33561,1.368994,10.110355,0.00417,0.012114,19.934994,0.310561,0.819245,84.381915,0.342301,108.285597,0.022987,0.000868,13.281877,221.73751,2.25024,0.049738,0.379571,0.094328,1.722491,27.061038,0.048791,4.941939,7.401679,95.594504,54.385798,35.099058,0.034057,7.553391,1102.604728,4.720424,84.882048,72.607175,17.089794,62.41913,8.112897,21.69869,94.589016,0.327024,125.877994,5.822218,0.509644,0.480102,307.958384,26.771615,1.151365,1.526331,2.167245,0.07302,54.678365,0.185463,2.668675,6.858922,1.064458,3.103771,0.227777,52.817214,8.100586,0.406922,24.88198,1.91879,5.985436,1.013956,0.003957,0.130623,0.935586,9.095669,11.38874,20.342899,17.229112,0.757162,17.865787,0.050367,60.377697,0.533442,0.170121,30.360366,0.010068,0.587411,61.292923,27.267392,5.954829,0.102035,80.562384,104.704419,0.031137,118.125401,1.882185,1.216997,65.644143,0.000858,28.821137,27.176191,193.715697,0.000542,0.095593,51.88818,2.311944,0.310322,2.933211
2022-12-31,1.258021,64.431184,7.926282,0.927673,5.033609,0.00417,0.010342,19.934994,0.160775,0.438853,66.199248,0.395418,102.686142,0.022987,0.000868,13.676087,177.228885,1.881238,0.063125,0.342198,0.149504,1.87361,27.061038,0.048791,2.354377,7.401679,95.594504,54.385798,31.047,0.084187,8.523616,794.257433,5.300268,84.882048,50.425223,14.772156,60.083719,8.112897,21.281706,94.589016,1.065637,137.435258,5.203244,0.156273,0.306766,182.161642,23.176532,1.151365,0.067215,2.167245,0.058316,27.098387,0.178646,1.884214,7.206543,1.064458,2.342936,0.285056,52.817214,5.643389,0.468034,24.88198,2.106692,2.031946,0.824885,0.003957,0.130623,0.567454,6.444316,9.434133,20.342899,18.560339,0.821547,8.839663,0.125787,36.116774,0.533442,0.389923,30.360366,0.010068,0.693302,57.526852,25.074595,2.271852,0.102035,80.562384,104.42673,0.038907,96.481345,1.882185,1.268489,98.584766,0.000858,29.135281,36.105863,170.400559,0.000542,0.095593,39.200198,2.466672,0.052325,2.933211
2023-12-31,0.179337,51.949313,5.779155,1.117568,3.046615,0.00417,0.006112,19.934994,0.227992,1.556261,54.732448,0.218464,92.949189,0.022987,0.000868,9.139756,163.187909,1.110743,0.063125,0.350843,0.255349,1.358013,27.061038,0.048791,5.01607,7.401679,95.594504,54.385798,23.009897,0.035222,11.926833,598.1597,3.228603,84.882048,53.456361,10.250867,114.533949,8.112897,18.539215,94.589016,1.441152,151.204877,4.017501,0.291632,0.30615,198.033769,20.028793,1.151365,0.067215,2.167245,0.048017,26.427909,0.289725,1.834029,6.472448,1.064458,2.341987,0.22888,52.817214,4.751422,0.448887,24.88198,0.797379,2.598593,0.513177,0.003957,0.130623,0.269776,4.828491,8.597179,20.342899,16.152397,0.895903,10.351499,0.038656,28.158754,0.533442,0.597519,30.360366,0.010068,0.45317,52.542588,19.430078,1.221604,0.102035,80.562384,85.998018,0.045053,66.431174,1.882185,1.227086,97.504005,0.000858,21.670633,18.89745,134.42374,0.000542,0.095593,31.423341,1.846492,0.076547,2.933211
2024-12-31,0.179337,48.240806,5.790179,1.679421,2.840244,0.00417,0.021248,19.934994,0.125276,0.458693,41.73856,0.163004,95.92759,0.022987,0.000868,8.874007,186.054421,1.178986,0.063125,0.306043,0.422205,1.04639,27.061038,0.048791,5.217261,7.401679,95.594504,54.385798,19.828585,0.094814,12.158558,736.057428,3.308768,84.882048,85.553227,8.703676,4.307811,8.112897,8.597394,94.589016,2.421239,183.412537,2.829907,0.158291,0.329281,198.033769,28.950758,1.151365,0.067215,2.167245,0.041975,39.321173,0.219554,1.695028,5.910142,1.064458,3.897793,0.168706,52.817214,4.834305,0.822131,24.88198,0.797379,5.315828,0.490596,0.003957,0.130623,1.322396,4.726439,8.867972,20.342899,13.412378,0.787773,10.351499,0.307965,38.305951,0.533442,0.120891,30.360366,0.010068,0.587722,47.975739,16.03452,1.50947,0.102035,80.562384,76.807212,0.084082,57.348697,1.882185,1.028085,72.487145,0.000858,22.440676,18.89745,145.966653,0.000542,0.095593,33.671453,1.197497,0.054965,2.933211
